ID,Name,CAS Number,Standard_Smiles,Type,Total weight /kg,Piece weight /mg,Content(%),Part,Family,Specie,Reference,DOI,ContentID
TPCN02063,Forskoditerpenosides B,'942942-66-7',C=CC1(C)CC(=O)C2(O)C(C)(O1)C(OC(C)=O)C(OC(C)=O)C1C(C)(C)CCC(OC3OC(CO)C(O)C(O)C3O)C12C,Diterpenoids,110.0,8.0,7e-06,Whole plants,Lamiaceae,Coleus forskohlii,Chem Pharm Bull (Tokyo) 55(3): 376-381.(2007),10.1248/cpb.55.376,DP00003
TPCN02368,Aconitine,'302-27-2',CCN1CC2(COC)C(O)CC(OC)C34C5CC6(O)C(OC)C(O)C(OC(C)=O)(C5C6OC(=O)c5ccccc5)C(C(OC)C23)C14,Diterpenoids,50.0,3.2,6e-06,Roots,Ranunculaceae,Aconitum kusnezoffii,"Molecules 16, 3345-3350 (2011).",10.3390/molecules16043345,DP00246
TPCN03133,Pierisformoside F,'308335-52-6',C=C1C2CC(O)C(C)(C)C(=O)C2CC23CC(CCC12)C(C)(OC1OC(CO)C(O)C(O)C1O)C3,Diterpenoids,30.1,2.2,7e-06,Leaves,Ericaceae,Rhododendron micranthum,"Phytochemistry 158, 1-12 (2019).",10.1016/j.phytochem.2018.10.017,DP01079
TPCN03246,Yucalexin P-23,'1384867-28-0',C=CC1(C)C(=O)C=C2C(=CCC3C2(C)CC(O)C(O)C3(C)C)C1O,Diterpenoids,49.7,4.3,9e-06,Stems,Euphorbiaceae,Manihot esculenta,"J Asian Nat Prod Res 13, 961-964 (2011).",10.1080/10286020.2011.600249,DP01201
TPCN03247,Wallichiioid A,'2054315-37-4',CC(=O)OC12C(O)C(C)C3(O)C(C(=O)C(CO)=CC4(O)C(=O)C(C)=CC43)C1C2(C)C,Diterpenoids,30.0,2.6,9e-06,Leaves,Euphorbiaceae,Croton tiglium,"Org Biomol Chem 17, 195-202 (2018).",10.1039/c8ob02519c,DP01202
TPCN03248,Tripterycoside A,'2142013-90-7',CC(C)c1cc(O)c2c(c1OC1OC(CO)C(O)C(O)C1O)CCC1C3=C(CCC21C)C(=O)OC3,Diterpenoids,119.0,10.3,9e-06,Roots,Celastraceae,Tripterygium wilfordii,"Fitoterapia 120, 126-130 (2017).",10.1016/j.fitote.2017.06.001,DP01203
TPCN03249,Rhodomicranosides D,'2305254-42-4',C=C(CO)CCCC1(C)C(=O)CCC23CC(CCC21)C(C)(OC1OC(CO)C(O)C(O)C1O)C3,Diterpenoids,30.1,2.6,9e-06,Leaves,Ericaceae,Rhododendron micranthum,"Phytochemistry 158, 1-12 (2019).",10.1016/j.phytochem.2018.10.017,DP01204
TPCN03250,Rhodomicranosides G,'2305254-45-7',CC1=C2CC(O)C(C)(C)C2C(=O)CC23CC(CC=C12)C(C)(OC1OC(CO)C(O)C(O)C1O)C3,Diterpenoids,30.1,2.7,9e-06,Leaves,Ericaceae,Rhododendron micranthum,"Phytochemistry 158, 1-12 (2019).",10.1016/j.phytochem.2018.10.017,DP01205
TPCN03251,2-O-(2-O-Isovaleryl-β-D-glucopyranosyl)atractyligenin,'68711-84-2',C=C1C2CCC3C4(C)CC(OC5OC(CO)C(O)C(O)C5OC(=O)CC(C)C)CC(C(=O)O)C4CCC3(C2)C1O,Diterpenoids,110.0,10.0,9e-06,Fruits,Asteraceae,Xanthium chinense,"J Asian Nat Prod Res 21, 207-216 (2019).",10.1080/10286020.2018.1526788,DP01206
TPCN03252,Salviamine F,'874286-59-6',CC(=O)c1c(O)c2ccc3c(c2c2ocnc12)CCCC3(C)C,Diterpenoids,9.1,0.8,9e-06,Roots,Lamiaceae,Salvia yunnanensis,"J Nat Prod 69, 93-96 (2006).",10.1021/np050368f,DP01207
TPCN03253,Isosalviamine C,'874286-60-9',COC(=O)CCc1nc2c(o1)c1c(C)coc1c1ccc3c(C)cccc3c12,Diterpenoids,9.1,0.8,9e-06,Roots,Lamiaceae,Salvia yunnanensis,"J Nat Prod 69, 93-96 (2006).",10.1021/np050368f,DP01208
TPCN03254,Neocrotocascarin,'2247529-73-1',C=C1C2CC(C)(C(=O)O2)C2C(=O)OC3(C)C2C1C12OC1(CC(C)C2OC(=O)C(C)CC)C3O,Diterpenoids,14.5,1.1,8e-06,Stems,Euphorbiaceae,Croton cascarilloides,"Chem Pharm Bull (Tokyo) 64, 1492-1498 (2016).",10.1248/cpb.c16-00500,DP01209
TPCN03255,"1,15-dimethoxy-3-hydroxy-14-benzoyl-16-ketoneoline",'1355005-34-3',CCN1CC2(COC)C(O)CC(OC)C34C5CC6C(=O)C(OC)C(O)(C(CC23)C14)C5C6OC(=O)c1ccccc1,Diterpenoids,50.0,4.1,8e-06,Roots,Ranunculaceae,Aconitum kusnezoffii,"Molecules 16, 3345-3350 (2011).",10.3390/molecules16043345,DP01210
TPCN03256,"15,18-di-O-beta-d-glucopyranosyl-13(E)-ent-labda-7(8),13(14)-diene-3beta,15,18-tr iol",'1881241-04-8',CC(=CCCOC1OC(CO)C(O)C(O)C1O)CC1C(C)=CCC2C(C)(COC3OC(CO)C(O)C(O)C3O)C(O)CCC12C,Diterpenoids,50.5,4.0,8e-06,Fruits,Rosaceae,Rubus chingii,"Fitoterapia 102, 23-26 (2015).",10.1016/j.fitote.2015.01.007,DP01211
TPCN03257,Euphorikanin A,'1937279-21-4',CC1=CC2C(C)CC3C(C4C=C(C)C5(O)C(=O)OC24C15)C3(C)C,Diterpenoids,25.0,2.0,8e-06,Roots,Euphorbiaceae,Euphorbia kansui,"Org Lett 18, 2844-2847 (2016).",10.1021/acs.orglett.6b01093,DP01212
TPCN03258,Crotocascarins N,'2247529-69-5',C=C1CCC2(O)OC(=O)C(C)=C2C2C1C13OC1(CC(C)C3=O)C1OC21C,Diterpenoids,14.5,1.1,8e-06,Stems,Euphorbiaceae,Croton cascarilloides,"Chem Pharm Bull (Tokyo) 64, 1492-1498 (2016).",10.1248/cpb.c16-00500,DP01213
TPCN03259,Tricalysiamide D,'938050-32-9',CC12CCC3(O)NC(=O)CC3C1CCC13CC(CCC12)C(O)(CO)C3,Diterpenoids,17.1,1.4,8e-06,Woods,Rubiaceae,Tricalysia dubia,"J Nat Prod 70, 758-762 (2007).",10.1021/np0680681,DP01214
TPCN03260,Mollanol A,'1620967-66-9',CC1=C2CC(O)C(C)(C)C23OC2(CC3O)CC(C)(O)C3CCC12C3O,Diterpenoids,100.0,7.2,7e-06,Fruits,Ericaceae,Rhododendron molle,"Org Lett 16, 4320-4323 (2014).",10.1021/ol5020653,DP01215
TPCN03261,14β-hydroxypieroside A,'2293099-35-9',C=C1C2CCC3C(C)=CC2(CC(O)C2(O)C1CC(OC1OC(CO)C(O)C(O)C1O)C2(C)C)C3O,Diterpenoids,30.1,2.1,7e-06,Leaves,Ericaceae,Rhododendron micranthum,"J Nat Prod 81, 2673-2681 (2018).",10.1021/acs.jnatprod.8b00490,DP01216
TPCN03262,Aconicatisulfonines A,'2387714-21-6',CC12CCCC3(C=[N+](CCO)C1)C2CCC12C=C(S(=O)(=O)[O-])C(=O)C(CC1)CC23,Diterpenoids,50.0,3.4,7e-06,Roots,Ranunculaceae,Aconitum carmichaelii,"Org Lett 11, 5522-5524 (2009).",10.1021/acs.orglett.9b02479,DP01217
TPCN03263,Salviamine E,'874286-58-5',CC(=O)c1c(O)c2ccc3c(c2c2oc(C)nc12)CCCC3(C)C,Diterpenoids,9.1,0.6,7e-06,Roots,Lamiaceae,Salvia yunnanensis,"J Nat Prod 69, 93-96 (2006).",10.1021/np050368f,DP01218
TPCN03264,Grayanosides C,'74311-31-2',C=C1C2CCC3CC2(CC(O)C2(O)C1CC(OC1OC(CO)C(O)C(O)C1O)C2(C)C)CC3(C)O,Diterpenoids,37.0,2.4,6e-06,Leaves,Ericaceae,Pieris japonica,"Phytochemistry 171, 112234 (2020).",10.1016/j.phytochem.2019.112234,DP01219
TPCN03265,Tripterycoside C,'2143083-81-0',CC(C)c1cc2c(c(OC3OC(CO)C(O)C(O)C3O)c1O)C1(C)CCC3=C(COC3=O)C1CC2=O,Diterpenoids,119.0,6.0,5e-06,Roots,Celastraceae,Tripterygium wilfordii,"Fitoterapia 120, 126-130 (2017).",10.1016/j.fitote.2017.06.001,DP01220
TPCN03266,Salviamine C,'874286-56-3',CC(=O)c1c(O)c2ccc3c(C)cccc3c2c2oc(C)nc12,Diterpenoids,9.1,0.5,5e-06,Roots,Lamiaceae,Salvia yunnanensis,"J Nat Prod 69, 93-96 (2006).",10.1021/np050368f,DP01221
TPCN03267,Isosalviamine D,'874286-61-0',COC(=O)CCc1nc2c(o1)c1c(c3ccc4c(C)cccc4c32)OCC1C,Diterpenoids,9.1,0.5,5e-06,Roots,Lamiaceae,Salvia yunnanensis,"J Nat Prod 69, 93-96 (2006).",10.1021/np050368f,DP01222
TPCN03268,Rhodomollein XXV,'1620967-68-1',C=C1C2C3CC4C(O)C2(CC(O)C2(O)C1C(O)C(O)C2(C)C)CC4(C)O3,Diterpenoids,100.0,3.1,3e-06,Fruits,Ericaceae,Rhododendron molle,"Org Lett 16, 4320-4323 (2014).",10.1021/ol5020653,DP01223
TPCN03269,"(2β,4α,15α)-15-Hydroxy-2-[[2-O-(3-methyl-1-oxobutyl)-3-O-sulfo-β-D-glucopyranosyl]oxy]-19-norkaur-16-en-18-oic acid",'175447-20-8',C=C1C2CCC3C4(C)CC(OC5OC(CO)C(O)C(OS(=O)(=O)O)C5OC(=O)CC(C)C)CC(C(=O)O)C4CCC3(C2)C1O,Diterpenoids,110.0,3.0,3e-06,Fruits,Asteraceae,Xanthium chinense,"J Asian Nat Prod Res 21, 207-216 (2019).",10.1080/10286020.2018.1526788,DP01224
TPCN03270,Triptotin K,'2305273-62-3',CC(C)C1=CC2(O)OOC3CC(=O)C(C)C4CCC(=C2C34C)C1=O,Diterpenoids,100.0,3.0,3e-06,Roots,Celastraceae,Tripterygium wilfordii,"Nat Prod Res, 1-7 (2019).",10.1080/14786419.2019.1610749,DP01225
TPCN03271,Isosalviamine E,'874204-40-7',CC(=O)c1c(O)c2ccc3c(C)cccc3c2c2ncoc12,Diterpenoids,9.1,0.3,3e-06,Roots,Lamiaceae,Salvia yunnanensis,"J Nat Prod 69, 93-96 (2006).",10.1021/np050368f,DP01227
TPCN03272,Aconicatisulfonines B,'2387714-23-8',CC12CCCC3(C=[N+](CCO)C1)C2CCC12CCC(CC31)C(S(=O)(=O)[O-])=CC2O,Diterpenoids,50.0,1.1,2e-06,Roots,Ranunculaceae,Aconitum carmichaelii,"Org Lett 11, 5522-5524 (2009).",10.1021/acs.orglett.9b02479,DP01228
TPCN03358,Aconicarmisulfonine C,'2640572-11-6',CCN1CC2(C)CCC(O)C34C1C(CC23)C12CC(C(=O)CC14)C(S(=O)(=O)O)CC2=O,Diterpenoids,50.0,2.0,4e-06,Roots,Ranunculaceae,Aconitum carmichaelii,,10.1016/j.apsb.2020.01.013,DP01317
TPCN03406,Cephafortunoid A,'2711759-14-5',Cc1cc(=O)c(C)c2c3c1CC1C4CC(C)C(CC2)(C(=O)O4)C31O,Diterpenoids,40.0,3.5,9e-06,Aerial parts,Taxaceae,Cephalotaxus fortunei,"Bioorganic Chemistry 103,  (2020).",10.1016/j.bioorg.2020.104226,DP01365
TPCN03407,Cephafortunoid B,'2711759-53-2',Cc1c2c3c(cc(=O)c1C)CCC14C(=O)OC(CC1C)C(C2)C34O,Diterpenoids,40.0,3.0,8e-06,Aerial parts,Taxaceae,Cephalotaxus fortunei,,10.1016/j.bioorg.2020.104226,DP01366
TPCN03440,Daphgenkin F,'2593439-79-1',C=C(C)C12OC3(c4ccccc4)OC1C1C4OC4(CO)C(O)C4(O)C(=O)C(C)=CC4C1(O3)C(C)C2OC(=O)C(C)C,Diterpenoids,15.0,1.3,9e-06,Flowers,Thymelaeaceae,Daphne genkwa,,10.1021/acs.jnatprod.0c00003,DP01399
TPCN03479,Eupneria L,'2575765-85-2',C=CC1(C)C=C2CCC3C(=C)C(O)CCC3(C)C2CC1O,Diterpenoids,25.0,2.0,8e-06,Barks,Euphorbiaceae,Euphorbia neriifolia,,10.1016/j.phytochem.2020.112373,DP01438
TPCN03480,Eupneria M,'2575765-86-3',C=CC1(C)C=C2CCC3C(C)(O)C(O)CCC3(C)C2CC1O,Diterpenoids,25.0,1.0,4e-06,Barks,Euphorbiaceae,Euphorbia neriifolia,,10.1016/j.phytochem.2020.112373,DP01439
TPCN03483,Eupneria K,'2575766-08-2',C=CC1(C)C=C2CCC3C(C)C(O)CCC3(C)C2CC1O,Diterpenoids,25.0,1.8,7e-06,Barks,Euphorbiaceae,Euphorbia neriifolia,,10.1016/j.phytochem.2020.112373,DP01442
TPCN03484,Eupneria O,'2575766-09-3',C=CC1(C)C=C2CCC3C(C)(CO)C(OC(C)=O)CCC3(C)C2CC1O,Diterpenoids,25.0,1.0,4e-06,Barks,Euphorbiaceae,Euphorbia neriifolia,,10.1016/j.phytochem.2020.112373,DP01443
TPCN03490,Xerophilsin B,'2756263-69-9',COCC1(CC2C(=O)C34C5OC6OC3(O)C(O)C3C(C)(C)CCCC63C4CCC25)C(=O)C23C4OC5OC2(O)C(O)C2C(C)(C)CCCC52C3C(OC(C)=O)CC41,Diterpenoids,13.0,1.0,8e-06,Aerial parts,Lamiaceae,Isodon xerophilus,,10.1021/acs.jnatprod.0c00983,DP01449
TPCN03491,Xerophilsin C,'2756370-63-3',COCC1(CC2C(=O)C34C5OC6OC3(O)C(O)C3C(C)(C)CCCC63C4C(OC(C)=O)CC25)C(=O)C23C4OC5OC(O)(C6C(C)(C)CCCC56C2C(OC(C)=O)CC41)C3O,Diterpenoids,13.0,1.2,9e-06,Aerial parts,Lamiaceae,Isodon xerophilus,,10.1021/acs.jnatprod.0c00983,DP01450
TPCN03492,Xerophilsin D,'2756371-75-0',CC(=O)OC1CC2C3OC4OC5(O)C(O)C6C(C)(C)CCCC46C1C35C(=O)C21CCC2=C(O1)C13C4OC5OC1(O)C(O)C1C(C)(C)CCCC51C3CCC24,Diterpenoids,13.0,1.0,8e-06,Aerial parts,Lamiaceae,Isodon xerophilus,,10.1021/acs.jnatprod.0c00983,DP01451
TPCN03497,Xerophilsin A,'2756375-11-6',COC(=O)CCCCCCC=C(C=O)CC1C(=O)C23C4OC5OC2(O)C(O)C2C(C)(C)CCCC52C3C(OC(C)=O)CC14,Diterpenoids,13.0,1.0,8e-06,Aerial parts,Lamiaceae,Isodon xerophilus,"Journal of Natural Products, 83(12), 3717-3725",10.1021/acs.jnatprod.0c00983,DP01456
TPCN03514,Salvihispin G,'2569624-32-2',Cc1c2c(cc3c1C(c1ccoc1)OC3=O)C1=C(CC(O)C2)C(=O)OC1,Diterpenoids,26.0,2.2,8e-06,Aerial parts,Lamiaceae,Salvia hispanica,,10.1016/j.fitote.2020.104672,DP01473
TPCN00034,Kopsinine,'559-51-3',COC(=O)C1CC23CCCN4CCC5(c6ccccc6NC15CC2)C43,Monoterpenoids,40.0,2.6,7e-06,Barks,Apocynaceae,Melodinus henryi,"Fitoterapia, 2019, 138, 104354.",10.1016/j.fitote.2019.104354,MP00067
TPCN00083,10-hydroxystrictosamide,'135531-63-4',C=CC1C(OC2OC(CO)C(O)C(O)C2O)OC=C2C(=O)N3CCc4c([nH]c5ccc(O)cc45)C3CC21,Monoterpenoids,25.0,0.8,3e-06,Stems,Caprifoliaceae,Uncaria rhynchophylla,"J Nat Prod, 2019, 82, 3288-3301.",10.1021/acs.jnatprod.9b00490,MP00129
TPCN00110,Strictosidinic acid,'150148-81-5',C=CC1C(OC2OC(CO)C(O)C(O)C2O)OC=C(C(=O)O)C1CC1NCCc2c1[nH]c1ccccc21,Monoterpenoids,25.0,2.2,9e-06,Stems,Caprifoliaceae,Uncaria rhynchophylla,"J Nat Prod, 2019, 82, 3288-3301.",10.1021/acs.jnatprod.9b00490,MP00164
TPCN00134,Scandine,'24314-59-8',C=CC12C=CCN3CCC4(c5ccccc5NC(=O)C4(C(=O)OC)C1)C32,Monoterpenoids,40.0,2.1,5e-06,Barks,Apocynaceae,Melodinus henryi,"Fitoterapia, 2019, 138, 104354.",10.1016/j.fitote.2019.104354,MP00196
TPCN00351,Alstoyunines G,'1188932-17-3',CCC12CC(C(=O)OC)=C3Nc4cc(OC)ccc4C34CCN(C(=O)C3OC31)C42,Monoterpenoids,40.0,2.3,6e-06,Barks,Apocynaceae,Melodinus henryi,"Fitoterapia, 2019, 138, 104354.",10.1016/j.fitote.2019.104354,MP00467
TPCN00519,Lochnericine,'72058-36-7',CCC12CC(C(=O)OC)=C3Nc4ccccc4C34CCN(CC3OC31)C42,Monoterpenoids,40.0,2.5,6e-06,Barks,Apocynaceae,Melodinus henryi,"Fitoterapia, 2019, 138, 104354.",10.1016/j.fitote.2019.104354,MP00654
TPCN00794,Δ14-vincinone,'90373-28-7',CCC12C=CCN3CCc4c(n(c5cc(OC)ccc45)C(=O)C1)C32,Monoterpenoids,17.0,0.5,3e-06,Aerial parts,Apocynaceae,Melodinus tenuicaudatus,"Fitoterapia, 2019, 138, 104347.",10.1016/j.fitote.2019.104347,MP00954
TPCN00795,Taberbovines D,'2374869-47-1',CCC1Cc2c(c3nc4ccc(OC)cc4c4ccn(c2=O)c34)C1O,Monoterpenoids,70.0,6.3,9e-06,Stems,Apocynaceae,Tabernaemontana bovina,"Org Lett, 2019, 21, 4554-4558.",10.1021/acs.orglett.9b01453,MP00955
TPCN00796,Kopsiyunnanine K,'1955517-48-2',CCC1(C(=O)OC)CCCN2CCc3c([nH]c4ccccc34)C2C1,Monoterpenoids,17.0,1.3,8e-06,Aerial parts,Apocynaceae,Melodinus tenuicaudatus,"Fitoterapia, 2019, 138, 104347.",10.1016/j.fitote.2019.104347,MP00956
TPCN00797,Eleuhenryiside B,'2387841-47-4',C=CC(C)(O)CCC=C(C)COC1OC(COC(C)=O)C(O)C(O)C1O,Monoterpenoids,5.0,0.4,8e-06,Fruits,Araliaceae,Eleutherococcus henryi,"Nat Prod Res, 2019, 1-8.",10.1080/14786419.2019.1645661,MP00957
TPCN00798,"14,15-dehydrovincine",'32790-05-9',CCC12C=CCN3CCc4c(n(c5cc(OC)ccc45)C(O)(C(=O)OC)C1)C32,Monoterpenoids,40.0,3.2,8e-06,Barks,Apocynaceae,Melodinus henryi,"Fitoterapia, 2019, 138, 104354.",10.1016/j.fitote.2019.104354,MP00959
TPCN00799,"16-epi-isositsirikine (3S,4S)-N-oxide",'60031-91-6',CC=C1CN2CCc3c([nH]c4ccccc34)C2CC1C(CO)C(=O)OC,Monoterpenoids,18.0,1.5,8e-06,Hooks,Rubiaceae,Uncaria rhynchophylla,"J Nat Prod, 2019, 82, 3302-3310.",10.1021/acs.jnatprod.9b00532,MP00960
TPCN00800,Hirsuteine N-oxide,'68353-21-9',C=CC1C[N+]2([O-])CCc3c([nH]c4ccccc34)C2CC1C(=COC)C(=O)OC,Monoterpenoids,18.0,1.5,8e-06,Hooks,Rubiaceae,Uncaria rhynchophylla,"J Nat Prod, 2019, 82, 3302-3310.",10.1021/acs.jnatprod.9b00532,MP00962
TPCN00801,"(?)-6′-O-[(1R,2S,4S,5R)-4-Hydroxypinan-10-oxo]paeoniflorin",'2231237-27-5',CC1(C)C2CC1C(C(=O)OCC1OC(OC34CC5C6(O)CC3(C)OC(O6)C54COC(=O)c3ccccc3)C(O)C(O)C1O)CC2O,Monoterpenoids,50.0,3.5,7e-06,Roots,Paeoniaceae,Paeonia lactiflora,"J Nat Prod, 2018, 81, 1252-1259.",10.1021/acs.jnatprod.8b00087,MP00965
TPCN00802,"(+)-(1S,5R,6R)-6′-O-Benzoylmudanpioside F",'2231237-30-0',CC1=CC(=O)C2CC1(OC1OC(COC(=O)c3ccccc3)C(O)C(O)C1O)C2(C)CO,Monoterpenoids,50.0,3.4,7e-06,Roots,Paeoniaceae,Paeonia lactiflora,"J Nat Prod, 2018, 81, 1252-1259.",10.1021/acs.jnatprod.8b00087,MP00966
TPCN00803,Rhynchophyllosides J,'2592433-75-3',C=CC1COC(=O)C2=CN3CCc4c([nH]c5cccc(OC6OC(CO)C(O)C(O)C6O)c45)C3CC21,Monoterpenoids,25.0,1.8,7e-06,Stems,Caprifoliaceae,Uncaria rhynchophylla,"J Nat Prod, 2019, 82, 3288-3301.",10.1021/acs.jnatprod.9b00490,MP00967
TPCN00804,8-Deoxyfloralabiflorin,'2231237-31-1',CC12CC(O)C3CC1(OC1OC(COC(=O)c4ccccc4)C(O)C(O)C1O)C3(C)C(=O)O2,Monoterpenoids,50.0,3.0,6e-06,Roots,Paeoniaceae,Paeonia lactiflora,"J Nat Prod, 2018, 81, 1252-1259.",10.1021/acs.jnatprod.8b00087,MP00968
TPCN00805,Rhynchophyllosides A,'2592393-75-2',COC(=O)C1=COC(OC2OC(CO)C(O)C(O)C2O)C2C(O)CN3CCC4(C(=O)Nc5ccccc54)C3CC12,Monoterpenoids,25.0,1.4,6e-06,Stems,Caprifoliaceae,Uncaria rhynchophylla,"J Nat Prod, 2019, 82, 3288-3301.",10.1021/acs.jnatprod.9b00490,MP00969
TPCN00806,"3α,5α-tetrahydrodeoxycordifoline lactam",'38495-77-1',C=CC1C(OC2OC(CO)C(O)C(O)C2O)OC=C2C(=O)N3C(C(=O)O)Cc4c([nH]c5ccccc45)C3CC21,Monoterpenoids,25.0,1.6,6e-06,Stems,Caprifoliaceae,Uncaria rhynchophylla,"J Nat Prod, 2019, 82, 3288-3301.",10.1021/acs.jnatprod.9b00490,MP00970
TPCN00807,3-oxo-tabersonine,'67249-35-8',CCC12C=CC(=O)N3CCC4(C(=C(C(=O)OC)C1)Nc1ccccc14)C32,Monoterpenoids,40.0,2.4,6e-06,Barks,Apocynaceae,Melodinus henryi,"Fitoterapia, 2019, 138, 104354.",10.1016/j.fitote.2019.104354,MP00971
TPCN00808,Melodinine L,'1228757-25-2',COC(=O)C1CC23C=CC[N+]4([O-])CCC5(c6ccccc6NC15CC2)C34,Monoterpenoids,40.0,2.0,5e-06,Barks,Apocynaceae,Melodinus henryi,"Fitoterapia, 2019, 138, 104354.",10.1016/j.fitote.2019.104354,MP00972
TPCN00809,Uncarialins I,'2593378-86-8',C=CC1C[N+]2([O-])CCc3c([nH]c4ccccc34)C2CC1C(CO)C(=O)OC,Monoterpenoids,18.0,0.9,5e-06,Hooks,Rubiaceae,Uncaria rhynchophylla,"J Nat Prod, 2019, 82, 3302-3310.",10.1021/acs.jnatprod.9b00532,MP00973
TPCN00810,Δ14-vincanol,'50838-11-4',CCC12C=CCN3CCc4c(n(c5ccccc45)C(O)C1)C32,Monoterpenoids,17.0,0.8,5e-06,Aerial parts,Apocynaceae,Melodinus tenuicaudatus,"Fitoterapia, 2019, 138, 104347.",10.1016/j.fitote.2019.104347,MP00975
TPCN00811,19R-hydroxytabersonine,'59086-85-0',COC(=O)C1=C2Nc3ccccc3C23CCN2CC=CC(C(C)O)(C1)C23,Monoterpenoids,40.0,1.9,5e-06,Barks,Apocynaceae,Melodinus henryi,"Fitoterapia, 2019, 138, 104354.",10.1016/j.fitote.2019.104354,MP00976
TPCN00812,10-hydroxyvincoside lactam,'169871-22-1',C=CC1C(OC2OC(CO)C(O)C(O)C2O)OC=C2C(=O)N3CCc4c([nH]c5ccc(O)cc45)C3CC21,Monoterpenoids,25.0,1.1,4e-06,Stems,Caprifoliaceae,Uncaria rhynchophylla,"J Nat Prod, 2019, 82, 3288-3301.",10.1021/acs.jnatprod.9b00490,MP00977
TPCN00813,Tabernabovines B,'2409958-16-1',CCC12CCC34N5CCC3(O)c3cccc(OC)c3N4C1OCC5C2O,Monoterpenoids,75.0,2.7,4e-06,Leaves,Apocynaceae,Tabernaemontana bovina,"Org Lett, 2019, 21, 5938-5942.",10.1021/acs.orglett.9b02060,MP00978
TPCN00814,19R-epimisiline,'109063-93-6',COC(=O)C1=C2Nc3ccccc3C23CCN2CC4OC4C(C(C)O)(C1)C23,Monoterpenoids,40.0,1.0,3e-06,Barks,Apocynaceae,Melodinus henryi,"Fitoterapia, 2019, 138, 104354.",10.1016/j.fitote.2019.104354,MP00979
TPCN00815,19-oxotabersonine,'70471-42-0',COC(=O)C1=C2Nc3ccccc3C23CCN2CC=CC(C(C)=O)(C1)C23,Monoterpenoids,40.0,1.0,3e-06,Barks,Apocynaceae,Melodinus henryi,"Fitoterapia, 2019, 138, 104354.",10.1016/j.fitote.2019.104354,MP00980
TPCN00816,Taberbovines A,'2374869-44-8',CCC1CC2CN3CCc4c3c(nc3ccc(OC)cc43)C2C1O,Monoterpenoids,70.0,0.5,1e-06,Stems,Apocynaceae,Tabernaemontana bovina,"Org Lett, 2019, 21, 4554-4558.",10.1021/acs.orglett.9b01453,MP00981
TPCN00817,Tabernabovines C,'2409958-17-2',CCC12CC(CC(=O)O1)C1N(CCC13C(=O)Nc1ccccc13)C2,Monoterpenoids,75.0,1.1,1e-06,Leaves,Apocynaceae,Tabernaemontana bovina,"Org Lett, 2019, 21, 5938-5942.",10.1021/acs.orglett.9b02060,MP00982
TPCN01257,Lychnopholide (Lyc),'77448-64-7',C=C1C(=O)OC2C=C(C)C3=CC(=O)C(C)(CC(OC(=O)C(C)=CC)C12)O3,Sesquiterpenoids,3.0,0.07,2e-06,Stems,Asteraceae,Lychnophora trichocarpha,Phytother Res 27(3): 384-389.(2013),10.1002/ptr.4736,SP00550
TPCN01801,Phyllaemblicins G1,'1632041-49-6',CC1COC2(CC1OC(=O)c1ccccc1)OC1CC(C(=O)OC3OC(CO)C(O)C(O)C3OC3OC(CO)C(O)C(O)C3O)CC(O)C1(O)C2(O)CO,Sesquiterpenoids,109.0,8.0,7e-06,Roots,Celastraceae,Phyllanthus emblica,Org Biomol Chem 12(43): 8764-8774.(2014),10.1039/c4ob01196a,SP01116
TPCN02033,Triptersinines A,'1416246-06-4',CC(=O)OCC12C(OC(=O)C=Cc3ccccc3)CCC(C)(O)C13OC(C)(C)C(C(=O)C2OC(=O)c1cccnc1)C3O,Sesquiterpenoids,50.0,4.0,8e-06,Leaves,Celastraceae,Tripterygium wilfordii,J Nat Prod 76(1): 85-90.(2013),10.1021/np300759u,SP01353
TPCN02049,Arteannoide A,'2222101-47-3',C=C(C(=O)O)C1CCC(C)C2CCC3CCC4(C5CCC(C)C6CC(C(C)=O)=CC65)OC3(OC4=O)C12,Sesquiterpenoids,100.0,9.3,9e-06,Leaves,Asteraceae,Artemisia annua,Org Lett 20(2): 453-456.(2018),10.1021/acs.orglett.7b03796,SP01369
TPCN02050,Arglanin,'16981-97-8',C=C1C(=O)OC2C1CCC1(C)C(=O)C=CC(C)(O)C21,Sesquiterpenoids,25.0,2.3,9e-06,Aerial parts,Asteraceae,Inula hupehensis,Planta Med 78(10): 1002-1009.(2012),10.1055/s-0031-1298621,SP01370
TPCN02051,Phyllaemblicins H3,'1799849-83-4',CC1COC2(CC1OC(=O)c1ccccc1)OC1CC(C(=O)OC3OC(CO)C(O)C(O)C3OC3OCC(O)C(O)C3O)CC(O)C1(O)C2=O,Sesquiterpenoids,109.0,10.0,9e-06,Roots,Asteraceae,Phyllanthus emblica,Phytochemistry 117: 123-134.(2015),10.1016/j.phytochem.2015.06.001,SP01371
TPCN02052,Triptregeline I,'2197992-92-8',CC1(C)OC23C(OC(=O)c4cccnc4)C1CC(OC(=O)c1ccccc1)C2(C)C(OC(=O)c1ccoc1)CCC3(C)O,Sesquiterpenoids,8.0,0.7,9e-06,Stems,Celastraceae,Tripterygium regelii,Fitoterapia 112: 1-8.(2016),10.1016/j.fitote.2016.04.016,SP01372
TPCN02053,Cornucadinoside D,'2263977-29-1',C=C(C)c1ccc(C)c2c(OC3OC(CO)C(O)C(O)C3O)c(OC3OC(CO)C(O)C(O)C3O)c(C)cc12,Sesquiterpenoids,63.0,5.4,9e-06,Fruits,Cornaceae,Cornus officinalis,Bioorg Chem 82: 1-5.(2019),10.1016/j.bioorg.2018.09.026,SP01373
TPCN02054,Coriamyrtin,'2571-86-0',C=C(C)C1C2CC3(C)C4(CO4)C4OC4C3(O)C1C(=O)O2,Sesquiterpenoids,32.0,2.7,8e-06,Leaves,Loranthaceae,Scurrula parasitica,Chem Pharm Bull (Tokyo) 35(1): 182-187.(1987),10.1248/cpb.35.182,SP01374
TPCN02055,Triptersinine z3,'2222108-44-1',CC(=O)OCC12C(OC(=O)C=Cc3ccccc3)CCC(C)(O)C13OC(C)(C)C(C(O)C2O)C3OC(C)=O,Sesquiterpenoids,50.0,4.1,8e-06,Leaves,Celastraceae,Tripterygium wilfordii,J Nat Prod 81(2): 270-278.（2018）,10.1021/acs.jnatprod.7b00615,SP01375
TPCN02056,Triptersinines K,'1416246-54-2',CC(=O)OCC12C(OC(=O)c3ccoc3)CCC(C)(O)C13OC(C)(C)C(C(OC(C)=O)C2OC(=O)c1ccoc1)C3OC(C)=O,Sesquiterpenoids,50.0,4.0,8e-06,Leaves,Celastraceae,Tripterygium wilfordii,J Nat Prod 76(1): 85-90.(2013),10.1021/np300759u,SP01376
TPCN02057,Hupehenolide M,'1437506-07-4',C=C1C(=O)OC2C=C(C)C3C(OC(C)=O)CC(O)(CO)C3C(O)C12,Sesquiterpenoids,25.0,2.0,8e-06,Aerial parts,Asteraceae,Inula hupehensis,Arch Pharm Res 36(11): 1319-1325.(2013),10.1007/s12272-013-0135-1,SP01377
TPCN02058,"(3S,4S,5S,7R)-3-Hydroxyhinesolone-11-O-β-D-glucopyranoside",'1932660-14-4',CC1=CC(=O)C(O)C(C)C12CCC(C(C)(C)OC1OC(CO)C(O)C(O)C1O)C2,Sesquiterpenoids,100.0,8.0,8e-06,Subterraneous stems,Asteraceae,Atractylodes lancea,J Nat Prod 79(6): 1567-1575.(2016),10.1021/acs.jnatprod.6b00066,SP01378
TPCN02059,Tauremisin,'3162-56-9',CC1C(=O)OC2C1CCC1(C)C(=O)C=CC(C)(O)C21,Sesquiterpenoids,25.0,2.0,8e-06,Aerial parts,Asteraceae,Inula hupehensis,Planta Med 78(10): 1002-1009.(2012),10.1055/s-0031-1298621,SP01379
TPCN02060,Cornucadinoside B,'2263977-25-7',COc1cc(C(C)COC2OC(CO)C(O)C(O)C2O)c2cc(C)c(O)cc2c1C,Sesquiterpenoids,63.0,4.9,8e-06,Fruits,Cornaceae,Cornus officinalis,Bioorg Chem 82: 1-5.(2019),10.1016/j.bioorg.2018.09.026,SP01380
TPCN02061,Triptregeline G,'2197992-90-6',CC(=O)OCC12C(OC(=O)c3ccoc3)CCC(C)(O)C13OC(C)(C)C(C(OC(=O)c1cccnc1)C2OC(C)=O)C3O,Sesquiterpenoids,8.0,0.6,8e-06,Stems,Celastraceae,Tripterygium regelii,Fitoterapia 112: 1-8.(2016),10.1016/j.fitote.2016.04.016,SP01381
TPCN02062,Phyllaemblicins G6,'1632041-53-2',CC1COC2(CC1OC(=O)c1ccccc1)OC1CC(C(=O)OC3OC(COC(=O)C4CC(O)C5(O)C(C4)OC4(CC(OC(=O)c6ccccc6)C(C)CO4)C5O)C(O)C(O)C3OC3OC(CO)C(O)C(O)C3O)CC(O)C1(O)C2=O,Sesquiterpenoids,109.0,8.0,7e-06,Roots,Celastraceae,Phyllanthus emblica,Org Biomol Chem 12(43): 8764-8774.(2014),10.1039/c4ob01196a,SP01382
TPCN02064,Triptersinine z8,'2222108-49-6',CC(=O)OCC12C(OC(=O)C=Cc3ccccc3)CCC(C)C13OC(C)(C)C(C(OC(C)=O)C2OC(=O)c1cccnc1)C3OC(C)=O,Sesquiterpenoids,50.0,3.6,7e-06,Leaves,Celastraceae,Tripterygium wilfordii,J Nat Prod 81(2): 270-278.（2018）,10.1021/acs.jnatprod.7b00615,SP01383
TPCN02065,Triptersinine w,'2222108-39-4',CC(=O)OCC12C(OC(=O)C=Cc3ccccc3)CCC(C)(O)C13OC(C)(C)C(C(OC(C)=O)C2OC(=O)c1ccco1)C3O,Sesquiterpenoids,50.0,3.6,7e-06,Leaves,Celastraceae,Tripterygium wilfordii,J Nat Prod 81(2): 270-278.（2018）,10.1021/acs.jnatprod.7b00615,SP01384
TPCN02066,Benzyl β-D-glucopyranoside,'4304-12-5',OCC1OC(OCc2ccccc2)C(O)C(O)C1O,Sesquiterpenoids,28.0,2.0,7e-06,Fruits,Moraceae,Ficus pumila,Chem Pharm Bull (Tokyo) 48(1): 77-80.(2000),10.1248/cpb.48.77,SP01385
TPCN02067,Triptersinoids E,'2579128-66-6',CC(=O)OCC12C(OC(=O)c3ccccc3)C(=O)C3CC1(OC3(C)C)C(C)CC(OC(C)=O)C2OC(C)=O,Sesquiterpenoids,30.0,2.1,7e-06,Leaves,Celastraceae,Tripterygium wilfordii,Bioorg Chem 92: 103288.(2019),10.1016/j.bioorg.2019.103288,SP01386
TPCN02068,Triptregeline F,'2197992-89-3',CC(=O)OCC12C(OC(C)=O)CCC(C)(O)C13OC(C)(C)C(C(OC(=O)c1cccnc1)C2OC(=O)c1ccccc1)C3O,Sesquiterpenoids,8.0,0.56,7e-06,Stems,Celastraceae,Tripterygium regelii,Fitoterapia 112: 1-8.(2016),10.1016/j.fitote.2016.04.016,SP01387
TPCN02069,Triptersinoids C,'2579128-34-8',CC(=O)OCC12C(OC(=O)c3ccccc3)C(=O)C3C(O)C1(OC3(C)C)C(C)C(OC(=O)c1cccnc1)C(O)C2OC(C)=O,Sesquiterpenoids,30.0,2.0,7e-06,Leaves,Celastraceae,Tripterygium wilfordii,Bioorg Chem 92: 103288.(2019),10.1016/j.bioorg.2019.103288,SP01388
TPCN02070,Triptersinoids A,'2579127-92-5',CC(=O)OCC12C(OC(C)=O)C(OC(C)=O)CC(C)(O)C13CC(C(O)C2OC(=O)c1ccccc1)C(C)(C)O3,Sesquiterpenoids,30.0,2.0,7e-06,Leaves,Celastraceae,Tripterygium wilfordii,Bioorg Chem 92: 103288.(2019),10.1016/j.bioorg.2019.103288,SP01389
TPCN02071,Triptersinine z7,'2222108-48-5',CC(=O)OCC12C(OC(=O)C=Cc3ccccc3)CCC(C)C13OC(C)(C)C(C(OC(C)=O)C2OC(=O)c1cccnc1)C3OC(C)=O,Sesquiterpenoids,50.0,3.3,7e-06,Leaves,Celastraceae,Tripterygium wilfordii,J Nat Prod 81(2): 270-278.（2018）,10.1021/acs.jnatprod.7b00615,SP01390
TPCN02072,Arteannoides E,'2222101-51-9',C=C(C(=O)O)C1CCC(C)C2CC(=O)C=C12,Sesquiterpenoids,100.0,6.1,6e-06,Leaves,Asteraceae,Artemisia annua,Org Lett 20(2): 453-456.(2018),10.1021/acs.orglett.7b03796,SP01391
TPCN02073,Arteannoides D,'2222101-50-8',CC(=O)C1=CC23OC2(C(C)C(=O)O)CCC(C)C3C1,Sesquiterpenoids,100.0,6.0,6e-06,Leaves,Asteraceae,Artemisia annua,Org Lett 20(2): 453-456.(2018),10.1021/acs.orglett.7b03796,SP01392
TPCN02074,Phyllaemblicins H14,'1799849-94-7',CC1COC2(CC1OC(=O)c1ccc(O)cc1)OC1CC(C(=O)OC3OC(CO)C(O)C(O)C3OC3OC(CO)C(O)C(O)C3O)CC(O)C1C2=O,Sesquiterpenoids,109.0,6.0,6e-06,Roots,Asteraceae,Phyllanthus emblica,Phytochemistry 117: 123-134.(2015),10.1016/j.phytochem.2015.06.001,SP01393
TPCN02075,Phyllaemblicins H10,'1799849-90-3',CC1COC2(CC1OC(=O)c1ccccc1)OC1CC(C(=O)OC3OC(CO)C(O)C(OC4OCC(O)C(O)C4O)C3OC3OC(CO)C(O)C(O)C3O)CC(O)C1(O)C2=O,Sesquiterpenoids,109.0,6.0,6e-06,Roots,Asteraceae,Phyllanthus emblica,Phytochemistry 117: 123-134.(2015),10.1016/j.phytochem.2015.06.001,SP01394
TPCN02076,Triptersinine x,'2222108-40-7',CC(=O)OCC12C(OC(=O)C=Cc3ccccc3)CCC(C)(O)C13OC(C)(C)C(C(OC(C)=O)C2OC(=O)c1ccco1)C3O,Sesquiterpenoids,50.0,2.5,5e-06,Leaves,Celastraceae,Tripterygium wilfordii,J Nat Prod 81(2): 270-278.（2018）,10.1021/acs.jnatprod.7b00615,SP01395
TPCN02078,Phyllaemblicins G5,'1632041-52-1',CC1COC2(CC1OC(=O)c1ccccc1)OC1CC(C(=O)OC3C(O)C(O)C(O)C(O)C3OC3OC(CO)C(O)C(O)C3O)CC(O)C1(O)C2O,Sesquiterpenoids,109.0,5.0,5e-06,Roots,Asteraceae,Phyllanthus emblica,Org Biomol Chem 12(43): 8764-8774.(2014),10.1039/c4ob01196a,SP01397
TPCN02079,Phyllaemblicins C,'307504-15-0',CC1COC2(CC1OC(=O)c1ccccc1)OC1CC(C(=O)OC3OC(CO)C(O)C(O)C3OC3OC(CO)C(O)C(O)C3OC3OCC(O)C(O)C3O)CC(O)C1(O)C2=O,Sesquiterpenoids,109.0,5.0,5e-06,Roots,Asteraceae,Phyllanthus emblica,Phytochemistry 117: 123-134.(2015),10.1016/j.phytochem.2015.06.001,SP01398
TPCN02080,Illisimonin A,'2162197-76-2',CC1(O)CCC23OC(=O)C4(O)C5(C)C(O)(CC124)OCC35C,Sesquiterpenoids,96.0,4.0,4e-06,Fruits,Asteraceae,Illicium simonsii,Org Lett 19(22): 6160-6163.(2017),10.1021/acs.orglett.7b03050,SP01399
TPCN02081,Codonopsesquilosides A,'2131748-19-9',CC(C=CC1C(C)=CC(=O)CC1(C)C)=CCOC1OC(COC2OCC(O)(CO)C2O)C(O)C(O)C1O,Sesquiterpenoids,50.0,1.6,3e-06,Roots,Asteraceae,Codonopsis pilosula,Acta Pharm Sin B 6(1): 46-54.(2016),10.1016/j.apsb.2015.09.007,SP01400
TPCN02082,Phyllaemblicins H5,'1799849-85-6',CC1COC2(CC1OC(=O)c1ccccc1)OC1CC(C(=O)OC3OC(C)C(O)C(O)C3OC3OC(CO)C(O)C(O)C3O)CC(O)C1(O)C2=O,Sesquiterpenoids,109.0,3.0,3e-06,Roots,Asteraceae,Phyllanthus emblica,Phytochemistry 117: 123-134.(2015),10.1016/j.phytochem.2015.06.001,SP01401
TPCN02083,Phyllaemblicins H13,'1799849-93-6',CC1COC2(CC1OC(=O)c1ccc(O)cc1)OC1CC(C(=O)OC3OC(CO)C(O)C(O)C3OC3OC(CO)C(O)C(O)C3OC3OCC(O)C(O)C3O)CC(O)C1(O)C2=O,Sesquiterpenoids,109.0,3.0,3e-06,Roots,Asteraceae,Phyllanthus emblica,Phytochemistry 117: 123-134.(2015),10.1016/j.phytochem.2015.06.001,SP01402
TPCN02084,Phyllaemblicins H1,'1799849-81-2',CC(=O)OCC1OC(OC(=O)C2CC(O)C3(O)C(=O)C4(CC(OC(=O)c5ccccc5)C(C)CO4)OC3C2)C(OC2OC(CO)C(O)C(O)C2O)C(O)C1O,Sesquiterpenoids,109.0,3.0,3e-06,Roots,Asteraceae,Phyllanthus emblica,Phytochemistry 117: 123-134.(2015),10.1016/j.phytochem.2015.06.001,SP01403
TPCN02085,5-hydroxytomencephalin,'115995-14-7',C=C1C(=O)OC2C1C(O)C(OC(=O)C=C(C)C)C(C)=C1CC3OC3(C)C12O,Sesquiterpenoids,4.4,0.12,3e-06,Leaves,Asteraceae,Montanoa tomentosa,J Pharm Sci 77(6): 553-556.(1988),10.1002/jps.2600770620,SP01404
TPCN02086,Tomencephalin,'115995-13-6',C=C1C(=O)OC2C1C(O)C(OC(=O)C=C(C)C)C(C)=C1CC3OC3(C)C12,Sesquiterpenoids,4.4,0.1,2e-06,Leaves,Asteraceae,Montanoa tomentosa,J Pharm Sci 77(6): 553-556.(1988),10.1002/jps.2600770620,SP01405
TPCN02087,Triptersinine y,'2222108-41-8',CC(=O)OC1C2C(O)C(OC(=O)c3ccco3)C3(CO)C(OC(=O)C=Cc4ccccc4)CCC(C)(O)C13OC2(C)C,Sesquiterpenoids,50.0,1.1,2e-06,Leaves,Celastraceae,Tripterygium wilfordii,J Nat Prod 81(2): 270-278.（2018）,10.1021/acs.jnatprod.7b00615,SP01406
TPCN02088,Phyllaemblicins H9,'1799849-89-0',CC1COC2(CC1OC(=O)c1ccccc1)OC1CC(C(=O)OC3C(O)C(O)C(O)C(O)C3OC3OC(CO)C(O)C(O)C3O)CC(O)C1(O)C2=O,Sesquiterpenoids,109.0,2.0,2e-06,Roots,Celastraceae,Phyllanthus emblica,Phytochemistry 117: 123-134.(2015),10.1016/j.phytochem.2015.06.001,SP01407
TPCN02089,Phyllaemblicins H4,'1799849-84-5',CC1COC2(CC1OC(=O)c1ccccc1)OC1CC(C(=O)OC3OCC(O)C(O)C3OC3OC(CO)C(O)C(O)C3O)CC(O)C1(O)C2=O,Sesquiterpenoids,109.0,2.0,2e-06,Roots,Celastraceae,Phyllanthus emblica,Phytochemistry 117: 123-134.(2015),10.1016/j.phytochem.2015.06.001,SP01408
TPCN02090,Corianin,'35481-77-7',C=C(C)C1C2OC(=O)C1C1(O)C3OC3C3(O)COC2C31C,Sesquiterpenoids,32.0,0.45,1e-06,Leaves,Loranthaceae,Scurrula parasitica,Chem Pharm Bull (Tokyo) 35(1): 182-187.(1987),10.1248/cpb.35.182,SP01409
TPCN02092,Phyllaemblicins G3,'1632041-51-0',COC(=O)C1CC(O)C2(O)C(C1)OC1(CC(OC(=O)c3ccccc3)C(C)CO1)C2O,Sesquiterpenoids,109.0,1.0,1e-06,Roots,Asteraceae,Phyllanthus emblica,Org Biomol Chem 12(43): 8764-8774.(2014),10.1039/c4ob01196a,SP01411
TPCN02141,Scaberol B,'2738377-13-2',CC1=CC(O)C2CC(=O)OC2CC2=CC(C1)OC2=O,Sesquiterpenoids,60.0,2.9,5e-06,Whole plants,Asteraceae,Elephantopus scaber,"Bioorganic Chemistry 104,  (2020).",10.1016/j.bioorg.2020.104314,SP01461
TPCN02142,Isoelephantopusol,'2738377-17-6',CC1=CC2OC(=O)C(C)C2C(O)CC2=CC(C1)OC2=O,Sesquiterpenoids,60.0,3.1,5e-06,Whole plants,Asteraceae,Elephantopus scaber,"Bioorganic Chemistry 104,  (2020).",10.1016/j.bioorg.2020.104314,SP01462
TPCN02143,Elephantopusdiol,'2738377-56-3',CC1=CC2OC(=O)C(CO)C2C(O)CC2=CC(C1)OC2=O,Sesquiterpenoids,60.0,1.5,3e-06,Whole plants,Asteraceae,Elephantopus scaber,"Bioorganic Chemistry 104,  (2020).",10.1016/j.bioorg.2020.104314,SP01463
TPCN04173,24-methylenecycloartenone,'1449-08-7',C=C(CCC(C)C1CCC2(C)C3CCC4C(C)(C)C(=O)CCC45CC35CCC12C)C(C)C,Triterpenoids,8.0,0.3,4e-06,Roots,Rosaceae,Sanguisorba officinalis,"J Asian Nat Prod Res 14, 607-611 (2012).",10.1080/10286020.2012.674944,TP00982
TPCN04669,Scolopianate A,'1252024-44-4',CC(C(OC1OC(CO)C(O)C(O)C1O)C(O)C(O)C(C)(C)O)C1C(O)CC2(C)C3CCC4C(C)(C)C(OC5OCC(O)C(O)C5O)CCC45CC35CCC12C,Triterpenoids,57.8,5.0,9e-06,Stems,Flacourtiaceae,Scolopia chinensis,Planta Med 76(4): 358-361.,10.1055/s-0029-1186157,TP01642
TPCN04704,Hainanenside,'94388-68-8',CC1(C)CCC2(C(=O)OC3OC(CO)C(O)C(O)C3O)C(O)CC3(C)C(=CCC4C5(C)CCC(O)C(C)(C(=O)O)C5CCC43C)C2C1,Triterpenoids,20.0,1.0,5e-06,Whole plants,Caryophyllaceae,Dianthus chinensis,J Nat Prod 72(4): 640-644.,10.1021/np800589a,TP01685
TPCN04723,Dianchinenoside D,'156161-86-3',CC1(C)CCC2(C(=O)OC3OC(COC4OC(CO)C(O)C(O)C4O)C(O)C(O)C3O)C(O)CC3(C)C(=CCC4C5(C)CCC(O)C(C)(C(=O)O)C5CCC43C)C2C1,Triterpenoids,20.0,1.0,5e-06,Whole plants,Caryophyllaceae,Dianthus chinensis,J Nat Prod 72(4): 640-644.,10.1021/np800589a,TP01709
TPCN04802,Belamcanolide A,'2256737-01-4',CC(C)=CCCC(C)=CCC(O)C(C)=CCCC1(C)C(CCCO)C2=C(C)C(=O)OC2CC1(C)O,Triterpenoids,50.0,4.0,8e-06,Subterraneous stems,Iridaceae,Belamcanda chinensis,Bioorg Chem 83: 20-28.,10.1016/j.bioorg.2018.08.039,TP01803
TPCN04803,8-Hydroxylisoiridogermanal,'2271359-39-6',CC(C)=CCCC(C)=CCC(O)C(C)=CCCC1(C)C(CCCO)C(=C(C)C=O)C(O)CC1(C)O,Triterpenoids,50.0,4.0,8e-06,Subterraneous stems,Iridaceae,Belamcanda chinensis,Bioorg Chem 83: 20-28.,10.1016/j.bioorg.2018.08.039,TP01804
TPCN04804,16-O-acetylbelamcanoxide B,'2288801-61-4',CC(=O)OC(CC=C(C)CCC=C(C)C)C(C)=CCCC1(C)C(CCCO)C2(C(C)=O)CCC1(C)O2,Triterpenoids,50.0,3.0,6e-06,Subterraneous stems,Iridaceae,Belamcanda chinensis,Bioorg Chem 83: 20-28.,10.1016/j.bioorg.2018.08.039,TP01805
TPCN04805,Dianchinenoside B,'151466-56-7',CC1(C)CCC2(C(=O)OC3OC(CO)C(O)C(O)C3O)C(O)CC3(C)C(=CCC4C5(C)CCC(OC6OCC(O)C(O)C6O)C(C)(C(=O)O)C5CCC43C)C2C1,Triterpenoids,20.0,1.0,5e-06,Whole plants,Caryophyllaceae,Dianthus chinensis,J Nat Prod 72(4): 640-644.,10.1021/np800589a,TP01806
TPCN04806,Dianoside G,'96333-09-4',CC1(C)CCC2(C(=O)OC3OC(COC4OC(CO)C(O)C(O)C4O)C(O)C(OC4OC(CO)C(O)C(O)C4O)C3O)CCC3(C)C(=CCC4C5(C)CCC(O)C(C)(C(=O)O)C5CCC43C)C2C1,Triterpenoids,20.0,1.0,5e-06,Whole plants,Caryophyllaceae,Dianthus chinensis,J Nat Prod 72(4): 640-644.,10.1021/np800589a,TP01807
TPCN04807,Dianoside H,'96333-10-7',CC1(C)CCC2(C(=O)OC3OC(CO)C(O)C(O)C3O)CCC3(C)C(=CCC4C5(C)CCC(O)C(C)(C(=O)O)C5CCC43C)C2C1,Triterpenoids,20.0,1.0,5e-06,Whole plants,Caryophyllaceae,Dianthus chinensis,J Nat Prod 72(4): 640-644.,10.1021/np800589a,TP01809
TPCN04808,Belamcanolide B,'2271357-83-4',CC(C)=CCCC(C)=CCC(O)C(C)=CCCC1(C)C(CCCO)C2=C(C)C(=O)OC2CC1(C)O,Triterpenoids,50.0,2.0,4e-06,Subterraneous stems,Iridaceae,Belamcanda chinensis,Bioorg Chem 83: 20-28.,10.1016/j.bioorg.2018.08.039,TP01810
TPCN05123,Kudzusaponin SA3,'168288-06-0',CC1OC(OC2C(OC3C(OC4CCC5(C)C(CCC6(C)C5CC=C5C7CC(C)(C)C(O)C(OC8OCC(O)C(O)C8O)C7(C)CCC56C)C4(C)CO)OC(C(=O)O)C(O)C3O)OC(CO)C(O)C2O)C(O)C(O)C1O,Triterpenoids,74.5,7.0,9e-06,Roots,Fabaceae,Pueraria lobata,"Chem Pharm Bull (Tokyo) 43, 1176-1179 (1995).",10.1248/cpb.43.1176,TP02166
TPCN05235,Kudzusaponin C1,'168478-70-4',CC1OC(OC2C(OC3C(OC4CCC5(C)C(CCC6(C)C5CC=C5C7CC(C)(C)C(OC8OC(CO)C(O)C(O)C8O)CC7(C)CCC56C)C4(C)CO)OC(C(=O)O)C(O)C3O)OC(CO)C(O)C2O)C(O)C(O)C1O,Triterpenoids,74.5,7.0,9e-06,Roots,Fabaceae,Pueraria lobata,"Chem Pharm Bull (Tokyo) 43, 1176-1179 (1995).",10.1248/cpb.43.1176,TP02291
TPCN05236,Kudzusaponin A1,'179910-80-6',CC1OC(OC2C(OC3C(OC4CCC5(C)C(CCC6(C)C5CC=C5C7CC(C)(CO)C(O)C(OC8OCC(O)C(O)C8O)C7(C)CCC56C)C4(C)CO)OC(C(=O)O)C(O)C3O)OCC(O)C2O)C(O)C(O)C1O,Triterpenoids,80.0,7.0,9e-06,Roots,Fabaceae,Pueraria lobata,"Chem Pharm Bull (Tokyo) 45, 362-366 (1997)",10.1248/cpb.45.362,TP02292
TPCN05237,Kudzusaponin SA1,'168288-04-8',CC1(C)CC2C3=CCC4C5(C)CCC(OC6OC(C(=O)O)C(O)C(O)C6OC6OC(CO)C(O)C(O)C6O)C(C)(CO)C5CCC4(C)C3(C)CCC2(C)C(O)C1O,Triterpenoids,74.5,6.0,8e-06,Roots,Fabaceae,Pueraria lobata,"Chem Pharm Bull (Tokyo) 43, 1176-1179 (1995).",10.1248/cpb.43.1176,TP02293
TPCN05238,Kudzusaponin SB1,'179910-79-3',CC1OC(OC2C(OC3C(OC4CCC5(C)C(CCC6(C)C5CC=C5C7CC(C)(C)CC(OC8OCC(O)C(O)C8O)C7(C)CCC56C)C4(C)CO)OC(C(=O)O)C(O)C3O)OC(CO)C(O)C2O)C(O)C(O)C1O,Triterpenoids,80.0,6.0,8e-06,Roots,Fabaceae,Pueraria lobata,"Chem Pharm Bull (Tokyo) 45, 362-366 (1997)",10.1248/cpb.45.362,TP02294
TPCN05239,Kudzusaponin SA4,'179910-78-2',CC1(C)CC2C3=CCC4C5(C)CCC(OC6OC(C(=O)O)C(O)C(O)C6OC6OC(C(=O)O)C(O)C(O)C6O)C(C)(CO)C5CCC4(C)C3(C)CCC2(C)C(OC2OCC(O)C(O)C2O)C1O,Triterpenoids,80.0,6.0,8e-06,Roots,Fabaceae,Pueraria lobata,"Chem Pharm Bull (Tokyo) 45, 362-366 (1997)",10.1248/cpb.45.362,TP02295
TPCN05240,Kudzusaponin A4,'179910-77-1',CC1(CO)CC2C3=CCC4C5(C)CCC(OC6OC(C(=O)O)C(O)C(O)C6OC6OC(CO)C(O)C(O)C6O)C(C)(CO)C5CCC4(C)C3(C)CCC2(C)C(O)C1O,Triterpenoids,80.0,6.0,8e-06,Roots,Fabaceae,Pueraria lobata,"Chem Pharm Bull (Tokyo) 45, 362-366 (1997)",10.1248/cpb.45.362,TP02296
TPCN05241,Kudzusaponin A2,'179910-76-0',CC1(CO)CC2C3=CCC4C5(C)CCC(OC6OC(C(=O)O)C(O)C(O)C6OC6OC(CO)C(O)C(O)C6O)C(C)(CO)C5CCC4(C)C3(C)CCC2(C)C(O)C1O,Triterpenoids,80.0,6.0,8e-06,Roots,Fabaceae,Pueraria lobata,"Chem Pharm Bull (Tokyo) 45, 362-366 (1997)",10.1248/cpb.45.362,TP02297
TPCN05654,"30-Norolean-12-en-28-oic acid, 23-[(O-6-deoxy-β-D-galactopyranosyl-(1→2)-O-[β-D-xylopyranosyl-(1→3)]-β-D-glucopyranosyl)oxy]-3,20-dihydroxy-, (3β,4β,20α)- (ACI)",'2241219-24-7',CC1OC(OC2C(OCC3(C)C(O)CCC4(C)C3CCC3(C)C4CC=C4C5CC(C)(O)CCC5(C(=O)O)CCC43C)OC(CO)C(O)C2OC2OCC(O)C(O)C2O)C(O)C(O)C1O,Triterpenoids,40.0,3.4,9e-06,Stems,Lardizabalaceae,Stauntonia chinensis,"Nat Prod Res. 2019. 33, 1269-1276",10.1080/14786419.2018.1470515,TP02749
TPCN05890,Uralsaponin R,'1616062-84-0',CC1OC(OC2C(OC3C(OC4CCC5(C)C(CCC6(C)C5C(=O)C=C5C7CC(C)(C(=O)O)C(O)CC7(C)CCC56C)C4(C)C)OC(C(=O)O)C(O)C3O)OC(CO)C(O)C2O)C(O)C(O)C1O,Triterpenoids,35.0,3.0,9e-06,Roots,Fabaceae,Glycyrrhiza uralensis,J Nat Prod. 2014 Jul 25;77(7):1632-43.,10.1021/np500253m.,TP03006
TPCN06347,Yunganoside L,'1557396-46-9',CC12CCC3(C)C(=C1CC(C)(C(=O)O)C(O)C2)C=CC1C2(C)CCC(OC4OC(C(=O)O)C(O)C(O)C4O)C(C)(C)C2CCC13C,Triterpenoids,18.0,1.0,6e-06,Roots,Fabaceae,Glycyrrhiza yunnanensis,J Pharm Biomed Anal . 2014 Mar;90:15-26,10.1016/j.jpba.2013.11.021,TP03473
TPCN06348,Yunganoside O,'1557396-49-2',CC1(CO)CC2=C3C=CC4C5(C)CCC(OC6OC(C(=O)O)C(O)C(O)C6OC6OC(C(=O)O)C(O)C(O)C6O)C(C)(C)C5CCC4(C)C3(C)CCC2(C)CC1=O,Triterpenoids,18.0,0.5,3e-06,Roots,Fabaceae,Glycyrrhiza yunnanensis,J Pharm Biomed Anal . 2014 Mar;90:15-26,10.1016/j.jpba.2013.11.021,TP03474
TPCN06368,?jughopanes B,'2321347-21-9',CC1=C2CCC3(C)C(CC=C4C5C(C)C(C)CCC5(C(=O)O)CCC43C)C2(C)C=C(O)C1=O,Triterpenoids,150.0,10.8,7e-06,Fruits,Juglandaceae,Juglans hopeiensis,,10.1080/14786419.2019.1622111,TP03494
TPCN06369,?jughopanes A,'2376770-20-4',CC1CCC2(C(=O)O)CCC3(C)C(=CCC4C5(C)CCC(O)C(C)(C=O)C5CCC43C)C2C1C,Triterpenoids,150.0,7.1,5e-06,Fruits,Juglandaceae,Juglans hopeiensis,,10.1080/14786419.2019.1622111,TP03495
